{
	"Dash and Underscore": "Left Brace",
	"Equals and Plus": "Right Brace",
    "Q": "Apostrophe and Double Quotation Mark",
    "W": "Comma",
    "E": "Period",
    "R": "P",
    "T": "Y",
    "Y": "F",
    "U": "G",
    "I": "C",
    "O": "R",
    "P": "L",
    "Left Brace": "QuestionMark",
    "Right Brace": "Equals and Plus",
    "A": "A",
    "S": "O",
    "D": "E",
    "F": "U",
    "G": "I",
    "H": "D",
    "J": "H",
    "K": "T",
    "L": "N",
    "SemiColon and Colon": "S",
    "Apostrophe and Double Quotation Mark": "Dash and Underscore",
    "Z": "SemiColon and Colon",
    "X": "Q",
    "C": "J",
    "V": "K",
    "B": "X",
    "N": "B",
    "M": "M",
    "Comma": "W",
    "Period": "V",
    "QuestionMark": "Z"
}